"Weekly Contest 385 Feb 18, 2024 8:00 AM GMT+5:30",https://www.leetcode.comhttps://www.leetcode.com/contest/weekly-contest-385
"Biweekly Contest 124 Feb 17, 2024 8:00 PM GMT+5:30",https://www.leetcode.comhttps://www.leetcode.com/contest/biweekly-contest-124
"Weekly Contest 384 Feb 11, 2024 8:00 AM GMT+5:30",https://www.leetcode.comhttps://www.leetcode.com/contest/weekly-contest-384
"Weekly Contest 383 Feb 4, 2024 8:00 AM GMT+5:30",https://www.leetcode.comhttps://www.leetcode.com/contest/weekly-contest-383
"Biweekly Contest 123 Feb 3, 2024 8:00 PM GMT+5:30",https://www.leetcode.comhttps://www.leetcode.com/contest/biweekly-contest-123
"Weekly Contest 382 Jan 28, 2024 8:00 AM GMT+5:30",https://www.leetcode.comhttps://www.leetcode.com/contest/weekly-contest-382
"Weekly Contest 381 Jan 21, 2024 8:00 AM GMT+5:30",https://www.leetcode.comhttps://www.leetcode.com/contest/weekly-contest-381
"Biweekly Contest 122 Jan 20, 2024 8:00 PM GMT+5:30",https://www.leetcode.comhttps://www.leetcode.com/contest/biweekly-contest-122
"Weekly Contest 380 Jan 14, 2024 8:00 AM GMT+5:30",https://www.leetcode.comhttps://www.leetcode.com/contest/weekly-contest-380
"Weekly Contest 379 Jan 7, 2024 8:00 AM GMT+5:30",https://www.leetcode.comhttps://www.leetcode.com/contest/weekly-contest-379
"Weekly Contest 385 Feb 18, 2024 8:00 AM GMT+5:30",https://www.leetcode.comhttps://www.leetcode.com/contest/weekly-contest-385
"Biweekly Contest 124 Feb 17, 2024 8:00 PM GMT+5:30",https://www.leetcode.comhttps://www.leetcode.com/contest/biweekly-contest-124
"Weekly Contest 384 Feb 11, 2024 8:00 AM GMT+5:30",https://www.leetcode.comhttps://www.leetcode.com/contest/weekly-contest-384
"Weekly Contest 383 Feb 4, 2024 8:00 AM GMT+5:30",https://www.leetcode.comhttps://www.leetcode.com/contest/weekly-contest-383
"Biweekly Contest 123 Feb 3, 2024 8:00 PM GMT+5:30",https://www.leetcode.comhttps://www.leetcode.com/contest/biweekly-contest-123
"Weekly Contest 382 Jan 28, 2024 8:00 AM GMT+5:30",https://www.leetcode.comhttps://www.leetcode.com/contest/weekly-contest-382
"Weekly Contest 381 Jan 21, 2024 8:00 AM GMT+5:30",https://www.leetcode.comhttps://www.leetcode.com/contest/weekly-contest-381
"Biweekly Contest 122 Jan 20, 2024 8:00 PM GMT+5:30",https://www.leetcode.comhttps://www.leetcode.com/contest/biweekly-contest-122
"Weekly Contest 380 Jan 14, 2024 8:00 AM GMT+5:30",https://www.leetcode.comhttps://www.leetcode.com/contest/weekly-contest-380
"Weekly Contest 379 Jan 7, 2024 8:00 AM GMT+5:30",https://www.leetcode.comhttps://www.leetcode.com/contest/weekly-contest-379
"Biweekly Contest 121 Jan 6, 2024 8:00 PM GMT+5:30",https://www.leetcode.comhttps://www.leetcode.com/contest/biweekly-contest-121
"Weekly Contest 378 Dec 31, 2023 8:00 AM GMT+5:30",https://www.leetcode.comhttps://www.leetcode.com/contest/weekly-contest-378
"Weekly Contest 377 Dec 24, 2023 8:00 AM GMT+5:30",https://www.leetcode.comhttps://www.leetcode.com/contest/weekly-contest-377
"Biweekly Contest 120 Dec 23, 2023 8:00 PM GMT+5:30",https://www.leetcode.comhttps://www.leetcode.com/contest/biweekly-contest-120
"Weekly Contest 376 Dec 17, 2023 8:00 AM GMT+5:30",https://www.leetcode.comhttps://www.leetcode.com/contest/weekly-contest-376
"Weekly Contest 375 Dec 10, 2023 8:00 AM GMT+5:30",https://www.leetcode.comhttps://www.leetcode.com/contest/weekly-contest-375
"Biweekly Contest 119 Dec 9, 2023 8:00 PM GMT+5:30",https://www.leetcode.comhttps://www.leetcode.com/contest/biweekly-contest-119
"Weekly Contest 374 Dec 3, 2023 8:00 AM GMT+5:30",https://www.leetcode.comhttps://www.leetcode.com/contest/weekly-contest-374
"Weekly Contest 373 Nov 26, 2023 8:00 AM GMT+5:30",https://www.leetcode.comhttps://www.leetcode.com/contest/weekly-contest-373
"Biweekly Contest 118 Nov 25, 2023 8:00 PM GMT+5:30",https://www.leetcode.comhttps://www.leetcode.com/contest/biweekly-contest-118
"Weekly Contest 372 Nov 19, 2023 8:00 AM GMT+5:30",https://www.leetcode.comhttps://www.leetcode.com/contest/weekly-contest-372
"Weekly Contest 371 Nov 12, 2023 8:00 AM GMT+5:30",https://www.leetcode.comhttps://www.leetcode.com/contest/weekly-contest-371
"Biweekly Contest 117 Nov 11, 2023 8:00 PM GMT+5:30",https://www.leetcode.comhttps://www.leetcode.com/contest/biweekly-contest-117
"Weekly Contest 370 Nov 5, 2023 8:00 AM GMT+5:30",https://www.leetcode.comhttps://www.leetcode.com/contest/weekly-contest-370
"Weekly Contest 369 Oct 29, 2023 8:00 AM GMT+5:30",https://www.leetcode.comhttps://www.leetcode.com/contest/weekly-contest-369
"Biweekly Contest 116 Oct 28, 2023 8:00 PM GMT+5:30",https://www.leetcode.comhttps://www.leetcode.com/contest/biweekly-contest-116
"Weekly Contest 368 Oct 22, 2023 8:00 AM GMT+5:30",https://www.leetcode.comhttps://www.leetcode.com/contest/weekly-contest-368
"Weekly Contest 367 Oct 15, 2023 8:00 AM GMT+5:30",https://www.leetcode.comhttps://www.leetcode.com/contest/weekly-contest-367
"Biweekly Contest 115 Oct 14, 2023 8:00 PM GMT+5:30",https://www.leetcode.comhttps://www.leetcode.com/contest/biweekly-contest-115
"Weekly Contest 366 Oct 8, 2023 8:00 AM GMT+5:30",https://www.leetcode.comhttps://www.leetcode.com/contest/weekly-contest-366
"Weekly Contest 365 Oct 1, 2023 8:00 AM GMT+5:30",https://www.leetcode.comhttps://www.leetcode.com/contest/weekly-contest-365
"Biweekly Contest 114 Sep 30, 2023 8:00 PM GMT+5:30",https://www.leetcode.comhttps://www.leetcode.com/contest/biweekly-contest-114
"Weekly Contest 364 Sep 24, 2023 8:00 AM GMT+5:30",https://www.leetcode.comhttps://www.leetcode.com/contest/weekly-contest-364
"Weekly Contest 363 Sep 17, 2023 8:00 AM GMT+5:30",https://www.leetcode.comhttps://www.leetcode.com/contest/weekly-contest-363
"Biweekly Contest 113 Sep 16, 2023 8:00 PM GMT+5:30",https://www.leetcode.comhttps://www.leetcode.com/contest/biweekly-contest-113
"Weekly Contest 362 Sep 10, 2023 8:00 AM GMT+5:30",https://www.leetcode.comhttps://www.leetcode.com/contest/weekly-contest-362
"Weekly Contest 361 Sep 3, 2023 8:00 AM GMT+5:30",https://www.leetcode.comhttps://www.leetcode.com/contest/weekly-contest-361
"Biweekly Contest 112 Sep 2, 2023 8:00 PM GMT+5:30",https://www.leetcode.comhttps://www.leetcode.com/contest/biweekly-contest-112
"Weekly Contest 360 Aug 27, 2023 8:00 AM GMT+5:30",https://www.leetcode.comhttps://www.leetcode.com/contest/weekly-contest-360
"Weekly Contest 359 Aug 20, 2023 8:00 AM GMT+5:30",https://www.leetcode.comhttps://www.leetcode.com/contest/weekly-contest-359
"Biweekly Contest 111 Aug 19, 2023 8:00 PM GMT+5:30",https://www.leetcode.comhttps://www.leetcode.com/contest/biweekly-contest-111
"Weekly Contest 358 Aug 13, 2023 8:00 AM GMT+5:30",https://www.leetcode.comhttps://www.leetcode.com/contest/weekly-contest-358
"Weekly Contest 357 Aug 6, 2023 8:00 AM GMT+5:30",https://www.leetcode.comhttps://www.leetcode.com/contest/weekly-contest-357
"Biweekly Contest 110 Aug 5, 2023 8:00 PM GMT+5:30",https://www.leetcode.comhttps://www.leetcode.com/contest/biweekly-contest-110
"Weekly Contest 356 Jul 30, 2023 8:00 AM GMT+5:30",https://www.leetcode.comhttps://www.leetcode.com/contest/weekly-contest-356
"Weekly Contest 355 Jul 23, 2023 8:00 AM GMT+5:30",https://www.leetcode.comhttps://www.leetcode.com/contest/weekly-contest-355
"Biweekly Contest 109 Jul 22, 2023 8:00 PM GMT+5:30",https://www.leetcode.comhttps://www.leetcode.com/contest/biweekly-contest-109
"Weekly Contest 354 Jul 16, 2023 8:00 AM GMT+5:30",https://www.leetcode.comhttps://www.leetcode.com/contest/weekly-contest-354
"Weekly Contest 353 Jul 9, 2023 8:00 AM GMT+5:30",https://www.leetcode.comhttps://www.leetcode.com/contest/weekly-contest-353
"Biweekly Contest 108 Jul 8, 2023 8:00 PM GMT+5:30",https://www.leetcode.comhttps://www.leetcode.com/contest/biweekly-contest-108
"Weekly Contest 352 Jul 2, 2023 8:00 AM GMT+5:30",https://www.leetcode.comhttps://www.leetcode.com/contest/weekly-contest-352
"Weekly Contest 351 Jun 25, 2023 8:00 AM GMT+5:30",https://www.leetcode.comhttps://www.leetcode.com/contest/weekly-contest-351
"Biweekly Contest 107 Jun 24, 2023 8:00 PM GMT+5:30",https://www.leetcode.comhttps://www.leetcode.com/contest/biweekly-contest-107
"Weekly Contest 350 Jun 18, 2023 8:00 AM GMT+5:30",https://www.leetcode.comhttps://www.leetcode.com/contest/weekly-contest-350
"Weekly Contest 349 Jun 11, 2023 8:00 AM GMT+5:30",https://www.leetcode.comhttps://www.leetcode.com/contest/weekly-contest-349
"Biweekly Contest 106 Jun 10, 2023 8:00 PM GMT+5:30",https://www.leetcode.comhttps://www.leetcode.com/contest/biweekly-contest-106
"Weekly Contest 348 Jun 4, 2023 8:00 AM GMT+5:30",https://www.leetcode.comhttps://www.leetcode.com/contest/weekly-contest-348
"Weekly Contest 347 May 28, 2023 8:00 AM GMT+5:30",https://www.leetcode.comhttps://www.leetcode.com/contest/weekly-contest-347
"Biweekly Contest 105 May 27, 2023 8:00 PM GMT+5:30",https://www.leetcode.comhttps://www.leetcode.com/contest/biweekly-contest-105
"Weekly Contest 346 May 21, 2023 8:00 AM GMT+5:30",https://www.leetcode.comhttps://www.leetcode.com/contest/weekly-contest-346
"Weekly Contest 345 May 14, 2023 8:00 AM GMT+5:30",https://www.leetcode.comhttps://www.leetcode.com/contest/weekly-contest-345
"Biweekly Contest 104 May 13, 2023 8:00 PM GMT+5:30",https://www.leetcode.comhttps://www.leetcode.com/contest/biweekly-contest-104
"Weekly Contest 344 May 7, 2023 8:00 AM GMT+5:30",https://www.leetcode.comhttps://www.leetcode.com/contest/weekly-contest-344
"Weekly Contest 343 Apr 30, 2023 8:00 AM GMT+5:30",https://www.leetcode.comhttps://www.leetcode.com/contest/weekly-contest-343
"Biweekly Contest 103 Apr 29, 2023 8:00 PM GMT+5:30",https://www.leetcode.comhttps://www.leetcode.com/contest/biweekly-contest-103
"Weekly Contest 342 Apr 23, 2023 8:00 AM GMT+5:30",https://www.leetcode.comhttps://www.leetcode.com/contest/weekly-contest-342
"Weekly Contest 341 Apr 16, 2023 8:00 AM GMT+5:30",https://www.leetcode.comhttps://www.leetcode.com/contest/weekly-contest-341
"Biweekly Contest 102 Apr 15, 2023 8:00 PM GMT+5:30",https://www.leetcode.comhttps://www.leetcode.com/contest/biweekly-contest-102
"Weekly Contest 340 Apr 9, 2023 8:00 AM GMT+5:30",https://www.leetcode.comhttps://www.leetcode.com/contest/weekly-contest-340
"Weekly Contest 339 Apr 2, 2023 8:00 AM GMT+5:30",https://www.leetcode.comhttps://www.leetcode.com/contest/weekly-contest-339
"Biweekly Contest 101 Apr 1, 2023 8:00 PM GMT+5:30",https://www.leetcode.comhttps://www.leetcode.com/contest/biweekly-contest-101
"Weekly Contest 338 Mar 26, 2023 8:00 AM GMT+5:30",https://www.leetcode.comhttps://www.leetcode.com/contest/weekly-contest-338
"Weekly Contest 337 Mar 19, 2023 8:00 AM GMT+5:30",https://www.leetcode.comhttps://www.leetcode.com/contest/weekly-contest-337
"Biweekly Contest 100 Mar 18, 2023 8:00 PM GMT+5:30",https://www.leetcode.comhttps://www.leetcode.com/contest/biweekly-contest-100
"Weekly Contest 336 Mar 12, 2023 8:00 AM GMT+5:30",https://www.leetcode.comhttps://www.leetcode.com/contest/weekly-contest-336
"Weekly Contest 335 Mar 5, 2023 8:00 AM GMT+5:30",https://www.leetcode.comhttps://www.leetcode.com/contest/weekly-contest-335
"Biweekly Contest 99 Mar 4, 2023 8:00 PM GMT+5:30",https://www.leetcode.comhttps://www.leetcode.com/contest/biweekly-contest-99
"Weekly Contest 334 Feb 26, 2023 8:00 AM GMT+5:30",https://www.leetcode.comhttps://www.leetcode.com/contest/weekly-contest-334
"Weekly Contest 333 Feb 19, 2023 8:00 AM GMT+5:30",https://www.leetcode.comhttps://www.leetcode.com/contest/weekly-contest-333
"Biweekly Contest 98 Feb 18, 2023 8:00 PM GMT+5:30",https://www.leetcode.comhttps://www.leetcode.com/contest/biweekly-contest-98
"Weekly Contest 332 Feb 12, 2023 8:00 AM GMT+5:30",https://www.leetcode.comhttps://www.leetcode.com/contest/weekly-contest-332
"Weekly Contest 331 Feb 5, 2023 8:00 AM GMT+5:30",https://www.leetcode.comhttps://www.leetcode.com/contest/weekly-contest-331
"Biweekly Contest 97 Feb 4, 2023 8:00 PM GMT+5:30",https://www.leetcode.comhttps://www.leetcode.com/contest/biweekly-contest-97
"Weekly Contest 330 Jan 29, 2023 8:00 AM GMT+5:30",https://www.leetcode.comhttps://www.leetcode.com/contest/weekly-contest-330
"Weekly Contest 329 Jan 22, 2023 8:00 AM GMT+5:30",https://www.leetcode.comhttps://www.leetcode.com/contest/weekly-contest-329
"Biweekly Contest 96 Jan 21, 2023 8:00 PM GMT+5:30",https://www.leetcode.comhttps://www.leetcode.com/contest/biweekly-contest-96
"Weekly Contest 328 Jan 15, 2023 8:00 AM GMT+5:30",https://www.leetcode.comhttps://www.leetcode.com/contest/weekly-contest-328
"Weekly Contest 327 Jan 8, 2023 8:00 AM GMT+5:30",https://www.leetcode.comhttps://www.leetcode.com/contest/weekly-contest-327
"Biweekly Contest 95 Jan 7, 2023 8:00 PM GMT+5:30",https://www.leetcode.comhttps://www.leetcode.com/contest/biweekly-contest-95
"Weekly Contest 326 Jan 1, 2023 8:00 AM GMT+5:30",https://www.leetcode.comhttps://www.leetcode.com/contest/weekly-contest-326
"Weekly Contest 325 Dec 25, 2022 8:00 AM GMT+5:30",https://www.leetcode.comhttps://www.leetcode.com/contest/weekly-contest-325
"Biweekly Contest 94 Dec 24, 2022 8:00 PM GMT+5:30",https://www.leetcode.comhttps://www.leetcode.com/contest/biweekly-contest-94
"Weekly Contest 324 Dec 18, 2022 8:00 AM GMT+5:30",https://www.leetcode.comhttps://www.leetcode.com/contest/weekly-contest-324
"Weekly Contest 323 Dec 11, 2022 8:00 AM GMT+5:30",https://www.leetcode.comhttps://www.leetcode.com/contest/weekly-contest-323
"Biweekly Contest 93 Dec 10, 2022 8:00 PM GMT+5:30",https://www.leetcode.comhttps://www.leetcode.com/contest/biweekly-contest-93
"Weekly Contest 322 Dec 4, 2022 8:00 AM GMT+5:30",https://www.leetcode.comhttps://www.leetcode.com/contest/weekly-contest-322
"Weekly Contest 321 Nov 27, 2022 8:00 AM GMT+5:30",https://www.leetcode.comhttps://www.leetcode.com/contest/weekly-contest-321
"Biweekly Contest 92 Nov 26, 2022 8:00 PM GMT+5:30",https://www.leetcode.comhttps://www.leetcode.com/contest/biweekly-contest-92
"Weekly Contest 320 Nov 20, 2022 8:00 AM GMT+5:30",https://www.leetcode.comhttps://www.leetcode.com/contest/weekly-contest-320
"Weekly Contest 319 Nov 13, 2022 8:00 AM GMT+5:30",https://www.leetcode.comhttps://www.leetcode.com/contest/weekly-contest-319
"Biweekly Contest 91 Nov 12, 2022 8:00 PM GMT+5:30",https://www.leetcode.comhttps://www.leetcode.com/contest/biweekly-contest-91
"Weekly Contest 318 Nov 6, 2022 8:00 AM GMT+5:30",https://www.leetcode.comhttps://www.leetcode.com/contest/weekly-contest-318
"Weekly Contest 317 Oct 30, 2022 8:00 AM GMT+5:30",https://www.leetcode.comhttps://www.leetcode.com/contest/weekly-contest-317
"Biweekly Contest 90 Oct 29, 2022 8:00 PM GMT+5:30",https://www.leetcode.comhttps://www.leetcode.com/contest/biweekly-contest-90
"Weekly Contest 316 Oct 23, 2022 8:00 AM GMT+5:30",https://www.leetcode.comhttps://www.leetcode.com/contest/weekly-contest-316
"Weekly Contest 315 Oct 16, 2022 8:00 AM GMT+5:30",https://www.leetcode.comhttps://www.leetcode.com/contest/weekly-contest-315
"Biweekly Contest 89 Oct 15, 2022 8:00 PM GMT+5:30",https://www.leetcode.comhttps://www.leetcode.com/contest/biweekly-contest-89
"Weekly Contest 314 Oct 9, 2022 8:00 AM GMT+5:30",https://www.leetcode.comhttps://www.leetcode.com/contest/weekly-contest-314
"Weekly Contest 313 Oct 2, 2022 8:00 AM GMT+5:30",https://www.leetcode.comhttps://www.leetcode.com/contest/weekly-contest-313
"Biweekly Contest 88 Oct 1, 2022 8:00 PM GMT+5:30",https://www.leetcode.comhttps://www.leetcode.com/contest/biweekly-contest-88
"Weekly Contest 312 Sep 25, 2022 8:00 AM GMT+5:30",https://www.leetcode.comhttps://www.leetcode.com/contest/weekly-contest-312
"Weekly Contest 311 Sep 18, 2022 8:00 AM GMT+5:30",https://www.leetcode.comhttps://www.leetcode.com/contest/weekly-contest-311
"Biweekly Contest 87 Sep 17, 2022 8:00 PM GMT+5:30",https://www.leetcode.comhttps://www.leetcode.com/contest/biweekly-contest-87
"Weekly Contest 310 Sep 11, 2022 8:00 AM GMT+5:30",https://www.leetcode.comhttps://www.leetcode.com/contest/weekly-contest-310
"Weekly Contest 309 Sep 4, 2022 8:00 AM GMT+5:30",https://www.leetcode.comhttps://www.leetcode.com/contest/weekly-contest-309
"Biweekly Contest 86 Sep 3, 2022 8:00 PM GMT+5:30",https://www.leetcode.comhttps://www.leetcode.com/contest/biweekly-contest-86
"Weekly Contest 308 Aug 28, 2022 8:00 AM GMT+5:30",https://www.leetcode.comhttps://www.leetcode.com/contest/weekly-contest-308
"Weekly Contest 307 Aug 21, 2022 8:00 AM GMT+5:30",https://www.leetcode.comhttps://www.leetcode.com/contest/weekly-contest-307
"Biweekly Contest 85 Aug 20, 2022 8:00 PM GMT+5:30",https://www.leetcode.comhttps://www.leetcode.com/contest/biweekly-contest-85
"Weekly Contest 306 Aug 14, 2022 8:00 AM GMT+5:30",https://www.leetcode.comhttps://www.leetcode.com/contest/weekly-contest-306
"Weekly Contest 305 Aug 7, 2022 8:00 AM GMT+5:30",https://www.leetcode.comhttps://www.leetcode.com/contest/weekly-contest-305
"Biweekly Contest 84 Aug 6, 2022 8:00 PM GMT+5:30",https://www.leetcode.comhttps://www.leetcode.com/contest/biweekly-contest-84
"Weekly Contest 304 Jul 31, 2022 8:00 AM GMT+5:30",https://www.leetcode.comhttps://www.leetcode.com/contest/weekly-contest-304
"Weekly Contest 303 Jul 24, 2022 8:00 AM GMT+5:30",https://www.leetcode.comhttps://www.leetcode.com/contest/weekly-contest-303
"Biweekly Contest 83 Jul 23, 2022 8:00 PM GMT+5:30",https://www.leetcode.comhttps://www.leetcode.com/contest/biweekly-contest-83
"Weekly Contest 302 Jul 17, 2022 8:00 AM GMT+5:30",https://www.leetcode.comhttps://www.leetcode.com/contest/weekly-contest-302
"Weekly Contest 301 Jul 10, 2022 8:00 AM GMT+5:30",https://www.leetcode.comhttps://www.leetcode.com/contest/weekly-contest-301
"Biweekly Contest 82 Jul 9, 2022 8:00 PM GMT+5:30",https://www.leetcode.comhttps://www.leetcode.com/contest/biweekly-contest-82
"Weekly Contest 300 Jul 3, 2022 8:00 AM GMT+5:30",https://www.leetcode.comhttps://www.leetcode.com/contest/weekly-contest-300
"Weekly Contest 299 Jun 26, 2022 8:00 AM GMT+5:30",https://www.leetcode.comhttps://www.leetcode.com/contest/weekly-contest-299
"Biweekly Contest 81 Jun 25, 2022 8:00 PM GMT+5:30",https://www.leetcode.comhttps://www.leetcode.com/contest/biweekly-contest-81
"Weekly Contest 298 Jun 19, 2022 8:00 AM GMT+5:30",https://www.leetcode.comhttps://www.leetcode.com/contest/weekly-contest-298
"Weekly Contest 297 Jun 12, 2022 8:00 AM GMT+5:30",https://www.leetcode.comhttps://www.leetcode.com/contest/weekly-contest-297
"Biweekly Contest 80 Jun 11, 2022 8:00 PM GMT+5:30",https://www.leetcode.comhttps://www.leetcode.com/contest/biweekly-contest-80
"Weekly Contest 296 Jun 5, 2022 8:00 AM GMT+5:30",https://www.leetcode.comhttps://www.leetcode.com/contest/weekly-contest-296
"Weekly Contest 295 May 29, 2022 8:00 AM GMT+5:30",https://www.leetcode.comhttps://www.leetcode.com/contest/weekly-contest-295
"Biweekly Contest 79 May 28, 2022 8:00 PM GMT+5:30",https://www.leetcode.comhttps://www.leetcode.com/contest/biweekly-contest-79
"Weekly Contest 294 May 22, 2022 8:00 AM GMT+5:30",https://www.leetcode.comhttps://www.leetcode.com/contest/weekly-contest-294
"Weekly Contest 293 May 15, 2022 8:00 AM GMT+5:30",https://www.leetcode.comhttps://www.leetcode.com/contest/weekly-contest-293
"Biweekly Contest 78 May 14, 2022 8:00 PM GMT+5:30",https://www.leetcode.comhttps://www.leetcode.com/contest/biweekly-contest-78
"Weekly Contest 292 May 8, 2022 8:00 AM GMT+5:30",https://www.leetcode.comhttps://www.leetcode.com/contest/weekly-contest-292
"Weekly Contest 291 May 1, 2022 8:00 AM GMT+5:30",https://www.leetcode.comhttps://www.leetcode.com/contest/weekly-contest-291
"Biweekly Contest 77 Apr 30, 2022 8:00 PM GMT+5:30",https://www.leetcode.comhttps://www.leetcode.com/contest/biweekly-contest-77
"Weekly Contest 290 Apr 24, 2022 8:00 AM GMT+5:30",https://www.leetcode.comhttps://www.leetcode.com/contest/weekly-contest-290
"Weekly Contest 289 Apr 17, 2022 8:00 AM GMT+5:30",https://www.leetcode.comhttps://www.leetcode.com/contest/weekly-contest-289
"Biweekly Contest 76 Apr 16, 2022 8:00 PM GMT+5:30",https://www.leetcode.comhttps://www.leetcode.com/contest/biweekly-contest-76
"Weekly Contest 288 Apr 10, 2022 8:00 AM GMT+5:30",https://www.leetcode.comhttps://www.leetcode.com/contest/weekly-contest-288
"Weekly Contest 287 Apr 3, 2022 8:00 AM GMT+5:30",https://www.leetcode.comhttps://www.leetcode.com/contest/weekly-contest-287
"Biweekly Contest 75 Apr 2, 2022 8:00 PM GMT+5:30",https://www.leetcode.comhttps://www.leetcode.com/contest/biweekly-contest-75
"Weekly Contest 286 Mar 27, 2022 8:00 AM GMT+5:30",https://www.leetcode.comhttps://www.leetcode.com/contest/weekly-contest-286
"Weekly Contest 285 Mar 20, 2022 8:00 AM GMT+5:30",https://www.leetcode.comhttps://www.leetcode.com/contest/weekly-contest-285
"Biweekly Contest 74 Mar 19, 2022 8:00 PM GMT+5:30",https://www.leetcode.comhttps://www.leetcode.com/contest/biweekly-contest-74
"Weekly Contest 284 Mar 13, 2022 8:00 AM GMT+5:30",https://www.leetcode.comhttps://www.leetcode.com/contest/weekly-contest-284
"Weekly Contest 283 Mar 6, 2022 8:00 AM GMT+5:30",https://www.leetcode.comhttps://www.leetcode.com/contest/weekly-contest-283
"Biweekly Contest 73 Mar 5, 2022 8:00 PM GMT+5:30",https://www.leetcode.comhttps://www.leetcode.com/contest/biweekly-contest-73
"Weekly Contest 282 Feb 27, 2022 8:00 AM GMT+5:30",https://www.leetcode.comhttps://www.leetcode.com/contest/weekly-contest-282
"Weekly Contest 281 Feb 20, 2022 8:00 AM GMT+5:30",https://www.leetcode.comhttps://www.leetcode.com/contest/weekly-contest-281
"Biweekly Contest 72 Feb 19, 2022 8:00 PM GMT+5:30",https://www.leetcode.comhttps://www.leetcode.com/contest/biweekly-contest-72
"Weekly Contest 280 Feb 13, 2022 8:00 AM GMT+5:30",https://www.leetcode.comhttps://www.leetcode.com/contest/weekly-contest-280
"Weekly Contest 279 Feb 6, 2022 8:00 AM GMT+5:30",https://www.leetcode.comhttps://www.leetcode.com/contest/weekly-contest-279
"Biweekly Contest 71 Feb 5, 2022 8:00 PM GMT+5:30",https://www.leetcode.comhttps://www.leetcode.com/contest/biweekly-contest-71
"Weekly Contest 278 Jan 30, 2022 8:00 AM GMT+5:30",https://www.leetcode.comhttps://www.leetcode.com/contest/weekly-contest-278
"Weekly Contest 277 Jan 23, 2022 8:00 AM GMT+5:30",https://www.leetcode.comhttps://www.leetcode.com/contest/weekly-contest-277
"Biweekly Contest 70 Jan 22, 2022 8:00 PM GMT+5:30",https://www.leetcode.comhttps://www.leetcode.com/contest/biweekly-contest-70
"Weekly Contest 276 Jan 16, 2022 8:00 AM GMT+5:30",https://www.leetcode.comhttps://www.leetcode.com/contest/weekly-contest-276
"Weekly Contest 275 Jan 9, 2022 8:00 AM GMT+5:30",https://www.leetcode.comhttps://www.leetcode.com/contest/weekly-contest-275
"Biweekly Contest 69 Jan 8, 2022 8:00 PM GMT+5:30",https://www.leetcode.comhttps://www.leetcode.com/contest/biweekly-contest-69
"Weekly Contest 274 Jan 2, 2022 8:00 AM GMT+5:30",https://www.leetcode.comhttps://www.leetcode.com/contest/weekly-contest-274
"Weekly Contest 273 Dec 26, 2021 8:00 AM GMT+5:30",https://www.leetcode.comhttps://www.leetcode.com/contest/weekly-contest-273
"Biweekly Contest 68 Dec 25, 2021 8:00 PM GMT+5:30",https://www.leetcode.comhttps://www.leetcode.com/contest/biweekly-contest-68
"Weekly Contest 272 Dec 19, 2021 8:00 AM GMT+5:30",https://www.leetcode.comhttps://www.leetcode.com/contest/weekly-contest-272
"Weekly Contest 271 Dec 12, 2021 8:00 AM GMT+5:30",https://www.leetcode.comhttps://www.leetcode.com/contest/weekly-contest-271
"Biweekly Contest 67 Dec 11, 2021 8:00 PM GMT+5:30",https://www.leetcode.comhttps://www.leetcode.com/contest/biweekly-contest-67
"Weekly Contest 270 Dec 5, 2021 8:00 AM GMT+5:30",https://www.leetcode.comhttps://www.leetcode.com/contest/weekly-contest-270
"Weekly Contest 269 Nov 28, 2021 8:00 AM GMT+5:30",https://www.leetcode.comhttps://www.leetcode.com/contest/weekly-contest-269
"Biweekly Contest 66 Nov 27, 2021 8:00 PM GMT+5:30",https://www.leetcode.comhttps://www.leetcode.com/contest/biweekly-contest-66
"Weekly Contest 268 Nov 21, 2021 8:00 AM GMT+5:30",https://www.leetcode.comhttps://www.leetcode.com/contest/weekly-contest-268
"Weekly Contest 267 Nov 14, 2021 8:00 AM GMT+5:30",https://www.leetcode.comhttps://www.leetcode.com/contest/weekly-contest-267
"Biweekly Contest 65 Nov 13, 2021 8:00 PM GMT+5:30",https://www.leetcode.comhttps://www.leetcode.com/contest/biweekly-contest-65
"Weekly Contest 266 Nov 7, 2021 8:00 AM GMT+5:30",https://www.leetcode.comhttps://www.leetcode.com/contest/weekly-contest-266
"Weekly Contest 265 Oct 31, 2021 8:00 AM GMT+5:30",https://www.leetcode.comhttps://www.leetcode.com/contest/weekly-contest-265
"Biweekly Contest 64 Oct 30, 2021 8:00 PM GMT+5:30",https://www.leetcode.comhttps://www.leetcode.com/contest/biweekly-contest-64
"Weekly Contest 264 Oct 24, 2021 8:00 AM GMT+5:30",https://www.leetcode.comhttps://www.leetcode.com/contest/weekly-contest-264
"Weekly Contest 263 Oct 17, 2021 8:00 AM GMT+5:30",https://www.leetcode.comhttps://www.leetcode.com/contest/weekly-contest-263
"Biweekly Contest 63 Oct 16, 2021 8:00 PM GMT+5:30",https://www.leetcode.comhttps://www.leetcode.com/contest/biweekly-contest-63
"Weekly Contest 262 Oct 10, 2021 8:00 AM GMT+5:30",https://www.leetcode.comhttps://www.leetcode.com/contest/weekly-contest-262
"Weekly Contest 261 Oct 3, 2021 8:00 AM GMT+5:30",https://www.leetcode.comhttps://www.leetcode.com/contest/weekly-contest-261
"Biweekly Contest 62 Oct 2, 2021 8:00 PM GMT+5:30",https://www.leetcode.comhttps://www.leetcode.com/contest/biweekly-contest-62
"Weekly Contest 260 Sep 26, 2021 8:00 AM GMT+5:30",https://www.leetcode.comhttps://www.leetcode.com/contest/weekly-contest-260
"Weekly Contest 259 Sep 19, 2021 8:00 AM GMT+5:30",https://www.leetcode.comhttps://www.leetcode.com/contest/weekly-contest-259
"Biweekly Contest 61 Sep 18, 2021 8:00 PM GMT+5:30",https://www.leetcode.comhttps://www.leetcode.com/contest/biweekly-contest-61
"Weekly Contest 258 Sep 12, 2021 8:00 AM GMT+5:30",https://www.leetcode.comhttps://www.leetcode.com/contest/weekly-contest-258
"Weekly Contest 257 Sep 5, 2021 8:00 AM GMT+5:30",https://www.leetcode.comhttps://www.leetcode.com/contest/weekly-contest-257
"Biweekly Contest 60 Sep 4, 2021 8:00 PM GMT+5:30",https://www.leetcode.comhttps://www.leetcode.com/contest/biweekly-contest-60
"Weekly Contest 256 Aug 29, 2021 8:00 AM GMT+5:30",https://www.leetcode.comhttps://www.leetcode.com/contest/weekly-contest-256
"Weekly Contest 255 Aug 22, 2021 8:00 AM GMT+5:30",https://www.leetcode.comhttps://www.leetcode.com/contest/weekly-contest-255
"Biweekly Contest 59 Aug 21, 2021 8:00 PM GMT+5:30",https://www.leetcode.comhttps://www.leetcode.com/contest/biweekly-contest-59
"Weekly Contest 254 Aug 15, 2021 8:00 AM GMT+5:30",https://www.leetcode.comhttps://www.leetcode.com/contest/weekly-contest-254
"Weekly Contest 253 Aug 8, 2021 8:00 AM GMT+5:30",https://www.leetcode.comhttps://www.leetcode.com/contest/weekly-contest-253
"Biweekly Contest 58 Aug 7, 2021 8:00 PM GMT+5:30",https://www.leetcode.comhttps://www.leetcode.com/contest/biweekly-contest-58
"Weekly Contest 252 Aug 1, 2021 8:00 AM GMT+5:30",https://www.leetcode.comhttps://www.leetcode.com/contest/weekly-contest-252
"Weekly Contest 251 Jul 25, 2021 8:00 AM GMT+5:30",https://www.leetcode.comhttps://www.leetcode.com/contest/weekly-contest-251
"Biweekly Contest 57 Jul 24, 2021 8:00 PM GMT+5:30",https://www.leetcode.comhttps://www.leetcode.com/contest/biweekly-contest-57
"Weekly Contest 250 Jul 18, 2021 8:00 AM GMT+5:30",https://www.leetcode.comhttps://www.leetcode.com/contest/weekly-contest-250
"Weekly Contest 249 Jul 11, 2021 8:00 AM GMT+5:30",https://www.leetcode.comhttps://www.leetcode.com/contest/weekly-contest-249
"Biweekly Contest 56 Jul 10, 2021 8:00 PM GMT+5:30",https://www.leetcode.comhttps://www.leetcode.com/contest/biweekly-contest-56
"Weekly Contest 248 Jul 4, 2021 8:00 AM GMT+5:30",https://www.leetcode.comhttps://www.leetcode.com/contest/weekly-contest-248
"Weekly Contest 247 Jun 27, 2021 8:00 AM GMT+5:30",https://www.leetcode.comhttps://www.leetcode.com/contest/weekly-contest-247
"Biweekly Contest 55 Jun 26, 2021 8:00 PM GMT+5:30",https://www.leetcode.comhttps://www.leetcode.com/contest/biweekly-contest-55
"Weekly Contest 246 Jun 20, 2021 8:00 AM GMT+5:30",https://www.leetcode.comhttps://www.leetcode.com/contest/weekly-contest-246
"Weekly Contest 245 Jun 13, 2021 8:00 AM GMT+5:30",https://www.leetcode.comhttps://www.leetcode.com/contest/weekly-contest-245
"Biweekly Contest 54 Jun 12, 2021 8:00 PM GMT+5:30",https://www.leetcode.comhttps://www.leetcode.com/contest/biweekly-contest-54
"Weekly Contest 244 Jun 6, 2021 8:00 AM GMT+5:30",https://www.leetcode.comhttps://www.leetcode.com/contest/weekly-contest-244
"Weekly Contest 243 May 30, 2021 8:00 AM GMT+5:30",https://www.leetcode.comhttps://www.leetcode.com/contest/weekly-contest-243
"Biweekly Contest 53 May 29, 2021 8:00 PM GMT+5:30",https://www.leetcode.comhttps://www.leetcode.com/contest/biweekly-contest-53
"Weekly Contest 242 May 23, 2021 8:00 AM GMT+5:30",https://www.leetcode.comhttps://www.leetcode.com/contest/weekly-contest-242
"Weekly Contest 241 May 16, 2021 8:00 AM GMT+5:30",https://www.leetcode.comhttps://www.leetcode.com/contest/weekly-contest-241
"Biweekly Contest 52 May 15, 2021 8:00 PM GMT+5:30",https://www.leetcode.comhttps://www.leetcode.com/contest/biweekly-contest-52
"Weekly Contest 240 May 9, 2021 8:00 AM GMT+5:30",https://www.leetcode.comhttps://www.leetcode.com/contest/weekly-contest-240
"Weekly Contest 239 May 2, 2021 8:00 AM GMT+5:30",https://www.leetcode.comhttps://www.leetcode.com/contest/weekly-contest-239
"Biweekly Contest 51 May 1, 2021 8:00 PM GMT+5:30",https://www.leetcode.comhttps://www.leetcode.com/contest/biweekly-contest-51
"Weekly Contest 238 Apr 25, 2021 8:00 AM GMT+5:30",https://www.leetcode.comhttps://www.leetcode.com/contest/weekly-contest-238
"Weekly Contest 237 Apr 18, 2021 8:00 AM GMT+5:30",https://www.leetcode.comhttps://www.leetcode.com/contest/weekly-contest-237
"Biweekly Contest 50 Apr 17, 2021 8:00 PM GMT+5:30",https://www.leetcode.comhttps://www.leetcode.com/contest/biweekly-contest-50
"Weekly Contest 236 Apr 11, 2021 8:00 AM GMT+5:30",https://www.leetcode.comhttps://www.leetcode.com/contest/weekly-contest-236
"Weekly Contest 235 Apr 4, 2021 8:00 AM GMT+5:30",https://www.leetcode.comhttps://www.leetcode.com/contest/weekly-contest-235
"Biweekly Contest 49 Apr 3, 2021 8:00 PM GMT+5:30",https://www.leetcode.comhttps://www.leetcode.com/contest/biweekly-contest-49
"Weekly Contest 234 Mar 28, 2021 8:00 AM GMT+5:30",https://www.leetcode.comhttps://www.leetcode.com/contest/weekly-contest-234
"Weekly Contest 233 Mar 21, 2021 8:00 AM GMT+5:30",https://www.leetcode.comhttps://www.leetcode.com/contest/weekly-contest-233
"Biweekly Contest 48 Mar 20, 2021 8:00 PM GMT+5:30",https://www.leetcode.comhttps://www.leetcode.com/contest/biweekly-contest-48
"Weekly Contest 232 Mar 14, 2021 8:00 AM GMT+5:30",https://www.leetcode.comhttps://www.leetcode.com/contest/weekly-contest-232
"Weekly Contest 231 Mar 7, 2021 8:00 AM GMT+5:30",https://www.leetcode.comhttps://www.leetcode.com/contest/weekly-contest-231
"Biweekly Contest 47 Mar 6, 2021 8:00 PM GMT+5:30",https://www.leetcode.comhttps://www.leetcode.com/contest/biweekly-contest-47
"Weekly Contest 230 Feb 28, 2021 8:00 AM GMT+5:30",https://www.leetcode.comhttps://www.leetcode.com/contest/weekly-contest-230
"Weekly Contest 229 Feb 21, 2021 8:00 AM GMT+5:30",https://www.leetcode.comhttps://www.leetcode.com/contest/weekly-contest-229
"Biweekly Contest 46 Feb 20, 2021 8:00 PM GMT+5:30",https://www.leetcode.comhttps://www.leetcode.com/contest/biweekly-contest-46
"Weekly Contest 228 Feb 14, 2021 8:00 AM GMT+5:30",https://www.leetcode.comhttps://www.leetcode.com/contest/weekly-contest-228
"Weekly Contest 227 Feb 7, 2021 8:00 AM GMT+5:30",https://www.leetcode.comhttps://www.leetcode.com/contest/weekly-contest-227
"Biweekly Contest 45 Feb 6, 2021 8:00 PM GMT+5:30",https://www.leetcode.comhttps://www.leetcode.com/contest/biweekly-contest-45
"Weekly Contest 226 Jan 31, 2021 8:00 AM GMT+5:30",https://www.leetcode.comhttps://www.leetcode.com/contest/weekly-contest-226
"Weekly Contest 225 Jan 24, 2021 8:00 AM GMT+5:30",https://www.leetcode.comhttps://www.leetcode.com/contest/weekly-contest-225
"Biweekly Contest 44 Jan 23, 2021 8:00 PM GMT+5:30",https://www.leetcode.comhttps://www.leetcode.com/contest/biweekly-contest-44
"Weekly Contest 224 Jan 17, 2021 8:00 AM GMT+5:30",https://www.leetcode.comhttps://www.leetcode.com/contest/weekly-contest-224
"Weekly Contest 223 Jan 10, 2021 8:00 AM GMT+5:30",https://www.leetcode.comhttps://www.leetcode.com/contest/weekly-contest-223
"Biweekly Contest 43 Jan 9, 2021 8:00 PM GMT+5:30",https://www.leetcode.comhttps://www.leetcode.com/contest/biweekly-contest-43
"Weekly Contest 222 Jan 3, 2021 8:00 AM GMT+5:30",https://www.leetcode.comhttps://www.leetcode.com/contest/weekly-contest-222
"Weekly Contest 221 Dec 27, 2020 8:00 AM GMT+5:30",https://www.leetcode.comhttps://www.leetcode.com/contest/weekly-contest-221
"Biweekly Contest 42 Dec 26, 2020 8:00 PM GMT+5:30",https://www.leetcode.comhttps://www.leetcode.com/contest/biweekly-contest-42
"Weekly Contest 220 Dec 20, 2020 8:00 AM GMT+5:30",https://www.leetcode.comhttps://www.leetcode.com/contest/weekly-contest-220
"Weekly Contest 219 Dec 13, 2020 8:00 AM GMT+5:30",https://www.leetcode.comhttps://www.leetcode.com/contest/weekly-contest-219
"Biweekly Contest 41 Dec 12, 2020 8:00 PM GMT+5:30",https://www.leetcode.comhttps://www.leetcode.com/contest/biweekly-contest-41
"Weekly Contest 218 Dec 6, 2020 8:00 AM GMT+5:30",https://www.leetcode.comhttps://www.leetcode.com/contest/weekly-contest-218
"Weekly Contest 217 Nov 29, 2020 8:00 AM GMT+5:30",https://www.leetcode.comhttps://www.leetcode.com/contest/weekly-contest-217
"Biweekly Contest 40 Nov 28, 2020 8:00 PM GMT+5:30",https://www.leetcode.comhttps://www.leetcode.com/contest/biweekly-contest-40
"Weekly Contest 216 Nov 22, 2020 8:00 AM GMT+5:30",https://www.leetcode.comhttps://www.leetcode.com/contest/weekly-contest-216
"Weekly Contest 215 Nov 15, 2020 8:00 AM GMT+5:30",https://www.leetcode.comhttps://www.leetcode.com/contest/weekly-contest-215
"Biweekly Contest 39 Nov 14, 2020 8:00 PM GMT+5:30",https://www.leetcode.comhttps://www.leetcode.com/contest/biweekly-contest-39
"Weekly Contest 214 Nov 8, 2020 8:00 AM GMT+5:30",https://www.leetcode.comhttps://www.leetcode.com/contest/weekly-contest-214
"Weekly Contest 213 Nov 1, 2020 8:00 AM GMT+5:30",https://www.leetcode.comhttps://www.leetcode.com/contest/weekly-contest-213
"Biweekly Contest 38 Oct 31, 2020 8:00 PM GMT+5:30",https://www.leetcode.comhttps://www.leetcode.com/contest/biweekly-contest-38
"Weekly Contest 212 Oct 25, 2020 8:00 AM GMT+5:30",https://www.leetcode.comhttps://www.leetcode.com/contest/weekly-contest-212
"Weekly Contest 211 Oct 18, 2020 8:00 AM GMT+5:30",https://www.leetcode.comhttps://www.leetcode.com/contest/weekly-contest-211
"Biweekly Contest 37 Oct 17, 2020 8:00 PM GMT+5:30",https://www.leetcode.comhttps://www.leetcode.com/contest/biweekly-contest-37
"Weekly Contest 210 Oct 11, 2020 8:00 AM GMT+5:30",https://www.leetcode.comhttps://www.leetcode.com/contest/weekly-contest-210
"Weekly Contest 209 Oct 4, 2020 8:00 AM GMT+5:30",https://www.leetcode.comhttps://www.leetcode.com/contest/weekly-contest-209
"Biweekly Contest 36 Oct 3, 2020 8:00 PM GMT+5:30",https://www.leetcode.comhttps://www.leetcode.com/contest/biweekly-contest-36
"Weekly Contest 208 Sep 27, 2020 8:00 AM GMT+5:30",https://www.leetcode.comhttps://www.leetcode.com/contest/weekly-contest-208
"Weekly Contest 207 Sep 20, 2020 8:00 AM GMT+5:30",https://www.leetcode.comhttps://www.leetcode.com/contest/weekly-contest-207
"Biweekly Contest 35 Sep 19, 2020 8:00 PM GMT+5:30",https://www.leetcode.comhttps://www.leetcode.com/contest/biweekly-contest-35
"Weekly Contest 206 Sep 13, 2020 8:00 AM GMT+5:30",https://www.leetcode.comhttps://www.leetcode.com/contest/weekly-contest-206
"Weekly Contest 205 Sep 6, 2020 8:00 AM GMT+5:30",https://www.leetcode.comhttps://www.leetcode.com/contest/weekly-contest-205
"Biweekly Contest 34 Sep 5, 2020 8:00 PM GMT+5:30",https://www.leetcode.comhttps://www.leetcode.com/contest/biweekly-contest-34
"Weekly Contest 204 Aug 30, 2020 8:00 AM GMT+5:30",https://www.leetcode.comhttps://www.leetcode.com/contest/weekly-contest-204
"Weekly Contest 203 Aug 23, 2020 8:00 AM GMT+5:30",https://www.leetcode.comhttps://www.leetcode.com/contest/weekly-contest-203
"Biweekly Contest 33 Aug 22, 2020 8:00 PM GMT+5:30",https://www.leetcode.comhttps://www.leetcode.com/contest/biweekly-contest-33
"Weekly Contest 202 Aug 16, 2020 8:00 AM GMT+5:30",https://www.leetcode.comhttps://www.leetcode.com/contest/weekly-contest-202
"Weekly Contest 201 Aug 9, 2020 8:00 AM GMT+5:30",https://www.leetcode.comhttps://www.leetcode.com/contest/weekly-contest-201
"Biweekly Contest 32 Aug 8, 2020 8:00 PM GMT+5:30",https://www.leetcode.comhttps://www.leetcode.com/contest/biweekly-contest-32
"Weekly Contest 200 Aug 2, 2020 8:00 AM GMT+5:30",https://www.leetcode.comhttps://www.leetcode.com/contest/weekly-contest-200
"Weekly Contest 199 Jul 26, 2020 8:00 AM GMT+5:30",https://www.leetcode.comhttps://www.leetcode.com/contest/weekly-contest-199
"Biweekly Contest 31 Jul 25, 2020 8:00 PM GMT+5:30",https://www.leetcode.comhttps://www.leetcode.com/contest/biweekly-contest-31
"Weekly Contest 198 Jul 19, 2020 8:00 AM GMT+5:30",https://www.leetcode.comhttps://www.leetcode.com/contest/weekly-contest-198
"Weekly Contest 197 Jul 12, 2020 8:00 AM GMT+5:30",https://www.leetcode.comhttps://www.leetcode.com/contest/weekly-contest-197
"Biweekly Contest 30 Jul 11, 2020 8:00 PM GMT+5:30",https://www.leetcode.comhttps://www.leetcode.com/contest/biweekly-contest-30
"Weekly Contest 196 Jul 5, 2020 8:00 AM GMT+5:30",https://www.leetcode.comhttps://www.leetcode.com/contest/weekly-contest-196
"Weekly Contest 195 Jun 28, 2020 8:00 AM GMT+5:30",https://www.leetcode.comhttps://www.leetcode.com/contest/weekly-contest-195
"Biweekly Contest 29 Jun 27, 2020 8:00 PM GMT+5:30",https://www.leetcode.comhttps://www.leetcode.com/contest/biweekly-contest-29
"Weekly Contest 194 Jun 21, 2020 8:00 AM GMT+5:30",https://www.leetcode.comhttps://www.leetcode.com/contest/weekly-contest-194
"Weekly Contest 193 Jun 14, 2020 8:00 AM GMT+5:30",https://www.leetcode.comhttps://www.leetcode.com/contest/weekly-contest-193
"Biweekly Contest 28 Jun 13, 2020 8:00 PM GMT+5:30",https://www.leetcode.comhttps://www.leetcode.com/contest/biweekly-contest-28
"Weekly Contest 192 Jun 7, 2020 8:00 AM GMT+5:30",https://www.leetcode.comhttps://www.leetcode.com/contest/weekly-contest-192
"Weekly Contest 191 May 31, 2020 8:00 AM GMT+5:30",https://www.leetcode.comhttps://www.leetcode.com/contest/weekly-contest-191
"Biweekly Contest 27 May 30, 2020 8:00 PM GMT+5:30",https://www.leetcode.comhttps://www.leetcode.com/contest/biweekly-contest-27
"Weekly Contest 190 May 24, 2020 8:00 AM GMT+5:30",https://www.leetcode.comhttps://www.leetcode.com/contest/weekly-contest-190
"Weekly Contest 189 May 17, 2020 8:00 AM GMT+5:30",https://www.leetcode.comhttps://www.leetcode.com/contest/weekly-contest-189
"Biweekly Contest 26 May 16, 2020 8:00 PM GMT+5:30",https://www.leetcode.comhttps://www.leetcode.com/contest/biweekly-contest-26
"Weekly Contest 188 May 10, 2020 8:00 AM GMT+5:30",https://www.leetcode.comhttps://www.leetcode.com/contest/weekly-contest-188
"Weekly Contest 187 May 3, 2020 8:00 AM GMT+5:30",https://www.leetcode.comhttps://www.leetcode.com/contest/weekly-contest-187
"Biweekly Contest 25 May 2, 2020 8:00 PM GMT+5:30",https://www.leetcode.comhttps://www.leetcode.com/contest/biweekly-contest-25
"Weekly Contest 186 Apr 26, 2020 8:00 AM GMT+5:30",https://www.leetcode.comhttps://www.leetcode.com/contest/weekly-contest-186
"Weekly Contest 185 Apr 19, 2020 8:00 AM GMT+5:30",https://www.leetcode.comhttps://www.leetcode.com/contest/weekly-contest-185
"Biweekly Contest 24 Apr 18, 2020 8:00 PM GMT+5:30",https://www.leetcode.comhttps://www.leetcode.com/contest/biweekly-contest-24
"Weekly Contest 184 Apr 12, 2020 8:00 AM GMT+5:30",https://www.leetcode.comhttps://www.leetcode.com/contest/weekly-contest-184
"Weekly Contest 183 Apr 5, 2020 8:00 AM GMT+5:30",https://www.leetcode.comhttps://www.leetcode.com/contest/weekly-contest-183
"Biweekly Contest 23 Apr 4, 2020 8:00 PM GMT+5:30",https://www.leetcode.comhttps://www.leetcode.com/contest/biweekly-contest-23
"Weekly Contest 182 Mar 29, 2020 8:00 AM GMT+5:30",https://www.leetcode.comhttps://www.leetcode.com/contest/weekly-contest-182
"Weekly Contest 181 Mar 22, 2020 8:00 AM GMT+5:30",https://www.leetcode.comhttps://www.leetcode.com/contest/weekly-contest-181
"Biweekly Contest 22 Mar 21, 2020 8:00 PM GMT+5:30",https://www.leetcode.comhttps://www.leetcode.com/contest/biweekly-contest-22
"Weekly Contest 180 Mar 15, 2020 8:00 AM GMT+5:30",https://www.leetcode.comhttps://www.leetcode.com/contest/weekly-contest-180
"Weekly Contest 179 Mar 8, 2020 8:00 AM GMT+5:30",https://www.leetcode.comhttps://www.leetcode.com/contest/weekly-contest-179
"Biweekly Contest 21 Mar 7, 2020 8:00 PM GMT+5:30",https://www.leetcode.comhttps://www.leetcode.com/contest/biweekly-contest-21
"Weekly Contest 178 Mar 1, 2020 8:00 AM GMT+5:30",https://www.leetcode.comhttps://www.leetcode.com/contest/weekly-contest-178
"Weekly Contest 177 Feb 23, 2020 8:00 AM GMT+5:30",https://www.leetcode.comhttps://www.leetcode.com/contest/weekly-contest-177
"Biweekly Contest 20 Feb 22, 2020 8:00 PM GMT+5:30",https://www.leetcode.comhttps://www.leetcode.com/contest/biweekly-contest-20
"Weekly Contest 176 Feb 16, 2020 8:00 AM GMT+5:30",https://www.leetcode.comhttps://www.leetcode.com/contest/weekly-contest-176
"Weekly Contest 175 Feb 9, 2020 8:00 AM GMT+5:30",https://www.leetcode.comhttps://www.leetcode.com/contest/weekly-contest-175
"Biweekly Contest 19 Feb 8, 2020 8:00 PM GMT+5:30",https://www.leetcode.comhttps://www.leetcode.com/contest/biweekly-contest-19
"Weekly Contest 174 Feb 2, 2020 8:00 AM GMT+5:30",https://www.leetcode.comhttps://www.leetcode.com/contest/weekly-contest-174
"Weekly Contest 173 Jan 26, 2020 8:00 AM GMT+5:30",https://www.leetcode.comhttps://www.leetcode.com/contest/weekly-contest-173
"Biweekly Contest 18 Jan 25, 2020 8:00 PM GMT+5:30",https://www.leetcode.comhttps://www.leetcode.com/contest/biweekly-contest-18
"Weekly Contest 172 Jan 19, 2020 8:00 AM GMT+5:30",https://www.leetcode.comhttps://www.leetcode.com/contest/weekly-contest-172
"Weekly Contest 171 Jan 12, 2020 8:00 AM GMT+5:30",https://www.leetcode.comhttps://www.leetcode.com/contest/weekly-contest-171
"Biweekly Contest 17 Jan 11, 2020 8:00 PM GMT+5:30",https://www.leetcode.comhttps://www.leetcode.com/contest/biweekly-contest-17
"Weekly Contest 170 Jan 5, 2020 8:00 AM GMT+5:30",https://www.leetcode.comhttps://www.leetcode.com/contest/weekly-contest-170
"Weekly Contest 169 Dec 29, 2019 8:00 AM GMT+5:30",https://www.leetcode.comhttps://www.leetcode.com/contest/weekly-contest-169
"Biweekly Contest 16 Dec 28, 2019 8:00 PM GMT+5:30",https://www.leetcode.comhttps://www.leetcode.com/contest/biweekly-contest-16
"Weekly Contest 168 Dec 22, 2019 8:00 AM GMT+5:30",https://www.leetcode.comhttps://www.leetcode.com/contest/weekly-contest-168
"Weekly Contest 167 Dec 15, 2019 8:00 AM GMT+5:30",https://www.leetcode.comhttps://www.leetcode.com/contest/weekly-contest-167
"Biweekly Contest 15 Dec 14, 2019 8:00 PM GMT+5:30",https://www.leetcode.comhttps://www.leetcode.com/contest/biweekly-contest-15
"Weekly Contest 166 Dec 8, 2019 8:00 AM GMT+5:30",https://www.leetcode.comhttps://www.leetcode.com/contest/weekly-contest-166
"Weekly Contest 165 Dec 1, 2019 8:00 AM GMT+5:30",https://www.leetcode.comhttps://www.leetcode.com/contest/weekly-contest-165
"Biweekly Contest 14 Nov 30, 2019 8:00 PM GMT+5:30",https://www.leetcode.comhttps://www.leetcode.com/contest/biweekly-contest-14
"Weekly Contest 164 Nov 24, 2019 8:00 AM GMT+5:30",https://www.leetcode.comhttps://www.leetcode.com/contest/weekly-contest-164
"Weekly Contest 163 Nov 17, 2019 8:00 AM GMT+5:30",https://www.leetcode.comhttps://www.leetcode.com/contest/weekly-contest-163
"Biweekly Contest 13 Nov 16, 2019 8:00 PM GMT+5:30",https://www.leetcode.comhttps://www.leetcode.com/contest/biweekly-contest-13
"Weekly Contest 162 Nov 10, 2019 8:00 AM GMT+5:30",https://www.leetcode.comhttps://www.leetcode.com/contest/weekly-contest-162
"Weekly Contest 161 Nov 3, 2019 8:00 AM GMT+5:30",https://www.leetcode.comhttps://www.leetcode.com/contest/weekly-contest-161
"Biweekly Contest 12 Nov 2, 2019 8:00 PM GMT+5:30",https://www.leetcode.comhttps://www.leetcode.com/contest/biweekly-contest-12
"Weekly Contest 160 Oct 27, 2019 8:00 AM GMT+5:30",https://www.leetcode.comhttps://www.leetcode.com/contest/weekly-contest-160
"Weekly Contest 159 Oct 20, 2019 8:00 AM GMT+5:30",https://www.leetcode.comhttps://www.leetcode.com/contest/weekly-contest-159
"Biweekly Contest 11 Oct 19, 2019 8:00 PM GMT+5:30",https://www.leetcode.comhttps://www.leetcode.com/contest/biweekly-contest-11
"Weekly Contest 158 Oct 13, 2019 8:00 AM GMT+5:30",https://www.leetcode.comhttps://www.leetcode.com/contest/weekly-contest-158
"Weekly Contest 157 Oct 6, 2019 8:00 AM GMT+5:30",https://www.leetcode.comhttps://www.leetcode.com/contest/weekly-contest-157
"Biweekly Contest 10 Oct 5, 2019 8:00 PM GMT+5:30",https://www.leetcode.comhttps://www.leetcode.com/contest/biweekly-contest-10
"Weekly Contest 156 Sep 29, 2019 8:00 AM GMT+5:30",https://www.leetcode.comhttps://www.leetcode.com/contest/weekly-contest-156
"Weekly Contest 155 Sep 22, 2019 8:00 AM GMT+5:30",https://www.leetcode.comhttps://www.leetcode.com/contest/weekly-contest-155
"Biweekly Contest 9 Sep 21, 2019 8:00 PM GMT+5:30",https://www.leetcode.comhttps://www.leetcode.com/contest/biweekly-contest-9
"Weekly Contest 154 Sep 15, 2019 8:00 AM GMT+5:30",https://www.leetcode.comhttps://www.leetcode.com/contest/weekly-contest-154
"Weekly Contest 153 Sep 8, 2019 8:00 AM GMT+5:30",https://www.leetcode.comhttps://www.leetcode.com/contest/weekly-contest-153
"Biweekly Contest 8 Sep 7, 2019 8:00 PM GMT+5:30",https://www.leetcode.comhttps://www.leetcode.com/contest/biweekly-contest-8
"Weekly Contest 152 Sep 1, 2019 8:00 AM GMT+5:30",https://www.leetcode.comhttps://www.leetcode.com/contest/weekly-contest-152
"Weekly Contest 151 Aug 25, 2019 8:00 AM GMT+5:30",https://www.leetcode.comhttps://www.leetcode.com/contest/weekly-contest-151
"Biweekly Contest 7 Aug 24, 2019 8:00 PM GMT+5:30",https://www.leetcode.comhttps://www.leetcode.com/contest/biweekly-contest-7
"Weekly Contest 150 Aug 18, 2019 8:00 AM GMT+5:30",https://www.leetcode.comhttps://www.leetcode.com/contest/weekly-contest-150
"Weekly Contest 149 Aug 11, 2019 8:00 AM GMT+5:30",https://www.leetcode.comhttps://www.leetcode.com/contest/weekly-contest-149
"Biweekly Contest 6 Aug 10, 2019 8:00 PM GMT+5:30",https://www.leetcode.comhttps://www.leetcode.com/contest/biweekly-contest-6
"Weekly Contest 148 Aug 4, 2019 8:00 AM GMT+5:30",https://www.leetcode.comhttps://www.leetcode.com/contest/weekly-contest-148
"Weekly Contest 147 Jul 28, 2019 8:00 AM GMT+5:30",https://www.leetcode.comhttps://www.leetcode.com/contest/weekly-contest-147
"Biweekly Contest 5 Jul 27, 2019 8:00 PM GMT+5:30",https://www.leetcode.comhttps://www.leetcode.com/contest/biweekly-contest-5
"Weekly Contest 146 Jul 21, 2019 8:00 AM GMT+5:30",https://www.leetcode.comhttps://www.leetcode.com/contest/weekly-contest-146
"Weekly Contest 145 Jul 14, 2019 8:00 AM GMT+5:30",https://www.leetcode.comhttps://www.leetcode.com/contest/weekly-contest-145
"Biweekly Contest 4 Jul 13, 2019 8:00 PM GMT+5:30",https://www.leetcode.comhttps://www.leetcode.com/contest/biweekly-contest-4
"Weekly Contest 144 Jul 7, 2019 8:00 AM GMT+5:30",https://www.leetcode.comhttps://www.leetcode.com/contest/weekly-contest-144
"Weekly Contest 143 Jun 30, 2019 8:00 AM GMT+5:30",https://www.leetcode.comhttps://www.leetcode.com/contest/weekly-contest-143
"Biweekly Contest 3 Jun 29, 2019 8:00 PM GMT+5:30",https://www.leetcode.comhttps://www.leetcode.com/contest/biweekly-contest-3
"Weekly Contest 142 Jun 23, 2019 8:00 AM GMT+5:30",https://www.leetcode.comhttps://www.leetcode.com/contest/weekly-contest-142
"Weekly Contest 141 Jun 16, 2019 8:00 AM GMT+5:30",https://www.leetcode.comhttps://www.leetcode.com/contest/weekly-contest-141
"Biweekly Contest 2 Jun 15, 2019 8:00 PM GMT+5:30",https://www.leetcode.comhttps://www.leetcode.com/contest/biweekly-contest-2
"Weekly Contest 140 Jun 9, 2019 8:00 AM GMT+5:30",https://www.leetcode.comhttps://www.leetcode.com/contest/weekly-contest-140
"Weekly Contest 139 Jun 2, 2019 8:00 AM GMT+5:30",https://www.leetcode.comhttps://www.leetcode.com/contest/weekly-contest-139
"Biweekly Contest 1 Jun 1, 2019 8:00 PM GMT+5:30",https://www.leetcode.comhttps://www.leetcode.com/contest/biweekly-contest-1
"Weekly Contest 138 May 26, 2019 8:00 AM GMT+5:30",https://www.leetcode.comhttps://www.leetcode.com/contest/weekly-contest-138
"Weekly Contest 137 May 19, 2019 8:00 AM GMT+5:30",https://www.leetcode.comhttps://www.leetcode.com/contest/weekly-contest-137
"Weekly Contest 136 May 12, 2019 8:00 AM GMT+5:30",https://www.leetcode.comhttps://www.leetcode.com/contest/weekly-contest-136
"Weekly Contest 135 May 5, 2019 8:00 AM GMT+5:30",https://www.leetcode.comhttps://www.leetcode.com/contest/weekly-contest-135
"Weekly Contest 134 Apr 28, 2019 8:00 AM GMT+5:30",https://www.leetcode.comhttps://www.leetcode.com/contest/weekly-contest-134
"Weekly Contest 133 Apr 21, 2019 8:00 AM GMT+5:30",https://www.leetcode.comhttps://www.leetcode.com/contest/weekly-contest-133
"Weekly Contest 132 Apr 14, 2019 8:00 AM GMT+5:30",https://www.leetcode.comhttps://www.leetcode.com/contest/weekly-contest-132
"Weekly Contest 131 Apr 7, 2019 8:00 AM GMT+5:30",https://www.leetcode.comhttps://www.leetcode.com/contest/weekly-contest-131
"Weekly Contest 130 Mar 31, 2019 8:00 AM GMT+5:30",https://www.leetcode.comhttps://www.leetcode.com/contest/weekly-contest-130
"Weekly Contest 129 Mar 24, 2019 7:00 AM GMT+5:30",https://www.leetcode.comhttps://www.leetcode.com/contest/weekly-contest-129
"Weekly Contest 128 Mar 17, 2019 8:00 AM GMT+5:30",https://www.leetcode.comhttps://www.leetcode.com/contest/weekly-contest-128
"Weekly Contest 127 Mar 10, 2019 8:00 AM GMT+5:30",https://www.leetcode.comhttps://www.leetcode.com/contest/weekly-contest-127
"Weekly Contest 126 Mar 3, 2019 8:00 AM GMT+5:30",https://www.leetcode.comhttps://www.leetcode.com/contest/weekly-contest-126
"Weekly Contest 125 Feb 24, 2019 8:00 AM GMT+5:30",https://www.leetcode.comhttps://www.leetcode.com/contest/weekly-contest-125
"Weekly Contest 124 Feb 17, 2019 8:00 AM GMT+5:30",https://www.leetcode.comhttps://www.leetcode.com/contest/weekly-contest-124
"Weekly Contest 123 Feb 10, 2019 8:00 AM GMT+5:30",https://www.leetcode.comhttps://www.leetcode.com/contest/weekly-contest-123
"Weekly Contest 122 Feb 3, 2019 8:00 AM GMT+5:30",https://www.leetcode.comhttps://www.leetcode.com/contest/weekly-contest-122
"Weekly Contest 121 Jan 27, 2019 8:00 AM GMT+5:30",https://www.leetcode.comhttps://www.leetcode.com/contest/weekly-contest-121
"Weekly Contest 120 Jan 20, 2019 8:00 AM GMT+5:30",https://www.leetcode.comhttps://www.leetcode.com/contest/weekly-contest-120
"Weekly Contest 119 Jan 13, 2019 8:00 AM GMT+5:30",https://www.leetcode.comhttps://www.leetcode.com/contest/weekly-contest-119
"Weekly Contest 118 Jan 6, 2019 8:00 AM GMT+5:30",https://www.leetcode.comhttps://www.leetcode.com/contest/weekly-contest-118
"Weekly Contest 117 Dec 30, 2018 8:00 AM GMT+5:30",https://www.leetcode.comhttps://www.leetcode.com/contest/weekly-contest-117
"Weekly Contest 116 Dec 23, 2018 8:00 AM GMT+5:30",https://www.leetcode.comhttps://www.leetcode.com/contest/weekly-contest-116
"Weekly Contest 115 Dec 16, 2018 8:00 AM GMT+5:30",https://www.leetcode.comhttps://www.leetcode.com/contest/weekly-contest-115
"Weekly Contest 114 Dec 9, 2018 8:00 AM GMT+5:30",https://www.leetcode.comhttps://www.leetcode.com/contest/weekly-contest-114
"Weekly Contest 113 Dec 2, 2018 8:00 AM GMT+5:30",https://www.leetcode.comhttps://www.leetcode.com/contest/weekly-contest-113
"Weekly Contest 112 Nov 25, 2018 8:00 AM GMT+5:30",https://www.leetcode.comhttps://www.leetcode.com/contest/weekly-contest-112
"Weekly Contest 111 Nov 18, 2018 8:00 AM GMT+5:30",https://www.leetcode.comhttps://www.leetcode.com/contest/weekly-contest-111
"Weekly Contest 110 Nov 11, 2018 8:00 AM GMT+5:30",https://www.leetcode.comhttps://www.leetcode.com/contest/weekly-contest-110
"Weekly Contest 109 Nov 4, 2018 7:00 AM GMT+5:30",https://www.leetcode.comhttps://www.leetcode.com/contest/weekly-contest-109
"Weekly Contest 108 Oct 28, 2018 7:00 AM GMT+5:30",https://www.leetcode.comhttps://www.leetcode.com/contest/weekly-contest-108
"Weekly Contest 107 Oct 21, 2018 7:00 AM GMT+5:30",https://www.leetcode.comhttps://www.leetcode.com/contest/weekly-contest-107
"Weekly Contest 106 Oct 14, 2018 7:00 AM GMT+5:30",https://www.leetcode.comhttps://www.leetcode.com/contest/weekly-contest-106
"Weekly Contest 105 Oct 7, 2018 7:00 AM GMT+5:30",https://www.leetcode.comhttps://www.leetcode.com/contest/weekly-contest-105
"Weekly Contest 104 Sep 30, 2018 7:00 AM GMT+5:30",https://www.leetcode.comhttps://www.leetcode.com/contest/weekly-contest-104
"Weekly Contest 103 Sep 23, 2018 7:00 AM GMT+5:30",https://www.leetcode.comhttps://www.leetcode.com/contest/weekly-contest-103
"Weekly Contest 102 Sep 16, 2018 7:00 AM GMT+5:30",https://www.leetcode.comhttps://www.leetcode.com/contest/weekly-contest-102
"Weekly Contest 101 Sep 9, 2018 7:00 AM GMT+5:30",https://www.leetcode.comhttps://www.leetcode.com/contest/weekly-contest-101
"Weekly Contest 100 Sep 2, 2018 7:00 AM GMT+5:30",https://www.leetcode.comhttps://www.leetcode.com/contest/weekly-contest-100
"Weekly Contest 99 Aug 26, 2018 7:00 AM GMT+5:30",https://www.leetcode.comhttps://www.leetcode.com/contest/weekly-contest-99
"Weekly Contest 98 Aug 19, 2018 7:00 AM GMT+5:30",https://www.leetcode.comhttps://www.leetcode.com/contest/weekly-contest-98
"Weekly Contest 97 Aug 12, 2018 7:00 AM GMT+5:30",https://www.leetcode.comhttps://www.leetcode.com/contest/weekly-contest-97
"Weekly Contest 96 Aug 5, 2018 7:00 AM GMT+5:30",https://www.leetcode.comhttps://www.leetcode.com/contest/weekly-contest-96
"Weekly Contest 95 Jul 29, 2018 7:00 AM GMT+5:30",https://www.leetcode.comhttps://www.leetcode.com/contest/weekly-contest-95
"Weekly Contest 94 Jul 22, 2018 7:00 AM GMT+5:30",https://www.leetcode.comhttps://www.leetcode.com/contest/weekly-contest-94
"Weekly Contest 93 Jul 15, 2018 7:00 AM GMT+5:30",https://www.leetcode.comhttps://www.leetcode.com/contest/weekly-contest-93
"Weekly Contest 92 Jul 8, 2018 7:00 AM GMT+5:30",https://www.leetcode.comhttps://www.leetcode.com/contest/weekly-contest-92
"Weekly Contest 91 Jul 1, 2018 7:00 AM GMT+5:30",https://www.leetcode.comhttps://www.leetcode.com/contest/weekly-contest-91
"Weekly Contest 90 Jun 24, 2018 7:00 AM GMT+5:30",https://www.leetcode.comhttps://www.leetcode.com/contest/weekly-contest-90
"Weekly Contest 89 Jun 17, 2018 7:00 AM GMT+5:30",https://www.leetcode.comhttps://www.leetcode.com/contest/weekly-contest-89
"Weekly Contest 88 Jun 10, 2018 7:00 AM GMT+5:30",https://www.leetcode.comhttps://www.leetcode.com/contest/weekly-contest-88
"Weekly Contest 87 Jun 3, 2018 7:00 AM GMT+5:30",https://www.leetcode.comhttps://www.leetcode.com/contest/weekly-contest-87
"Weekly Contest 86 May 27, 2018 7:00 AM GMT+5:30",https://www.leetcode.comhttps://www.leetcode.com/contest/weekly-contest-86
"Weekly Contest 85 May 20, 2018 7:00 AM GMT+5:30",https://www.leetcode.comhttps://www.leetcode.com/contest/weekly-contest-85
"Weekly Contest 84 May 13, 2018 7:00 AM GMT+5:30",https://www.leetcode.comhttps://www.leetcode.com/contest/weekly-contest-84
"Weekly Contest 83 May 6, 2018 7:00 AM GMT+5:30",https://www.leetcode.comhttps://www.leetcode.com/contest/weekly-contest-83
"Weekly Contest 82 Apr 29, 2018 7:00 AM GMT+5:30",https://www.leetcode.comhttps://www.leetcode.com/contest/weekly-contest-82
"Weekly Contest 81 Apr 22, 2018 7:00 AM GMT+5:30",https://www.leetcode.comhttps://www.leetcode.com/contest/weekly-contest-81
"Weekly Contest 80 Apr 15, 2018 7:00 AM GMT+5:30",https://www.leetcode.comhttps://www.leetcode.com/contest/weekly-contest-80
"Weekly Contest 79 Apr 8, 2018 7:00 AM GMT+5:30",https://www.leetcode.comhttps://www.leetcode.com/contest/weekly-contest-79
"Weekly Contest 78 Apr 1, 2018 7:00 AM GMT+5:30",https://www.leetcode.comhttps://www.leetcode.com/contest/weekly-contest-78
"Weekly Contest 77 Mar 25, 2018 7:00 AM GMT+5:30",https://www.leetcode.comhttps://www.leetcode.com/contest/weekly-contest-77
"Weekly Contest 76 Mar 18, 2018 7:00 AM GMT+5:30",https://www.leetcode.comhttps://www.leetcode.com/contest/weekly-contest-76
"Weekly Contest 75 Mar 11, 2018 8:00 AM GMT+5:30",https://www.leetcode.comhttps://www.leetcode.com/contest/weekly-contest-75
"Weekly Contest 74 Mar 4, 2018 8:00 AM GMT+5:30",https://www.leetcode.comhttps://www.leetcode.com/contest/weekly-contest-74
"Weekly Contest 73 Feb 25, 2018 8:00 AM GMT+5:30",https://www.leetcode.comhttps://www.leetcode.com/contest/weekly-contest-73
"Weekly Contest 72 Feb 18, 2018 8:00 AM GMT+5:30",https://www.leetcode.comhttps://www.leetcode.com/contest/weekly-contest-72
"Weekly Contest 71 Feb 11, 2018 8:00 AM GMT+5:30",https://www.leetcode.comhttps://www.leetcode.com/contest/weekly-contest-71
"Weekly Contest 70 Feb 4, 2018 8:00 AM GMT+5:30",https://www.leetcode.comhttps://www.leetcode.com/contest/weekly-contest-70
"Weekly Contest 69 Jan 28, 2018 8:00 AM GMT+5:30",https://www.leetcode.comhttps://www.leetcode.com/contest/weekly-contest-69
"Weekly Contest 68 Jan 21, 2018 8:00 AM GMT+5:30",https://www.leetcode.comhttps://www.leetcode.com/contest/weekly-contest-68
"Weekly Contest 67 Jan 14, 2018 8:00 AM GMT+5:30",https://www.leetcode.comhttps://www.leetcode.com/contest/weekly-contest-67
"Weekly Contest 66 Jan 7, 2018 8:00 AM GMT+5:30",https://www.leetcode.comhttps://www.leetcode.com/contest/weekly-contest-66
"Weekly Contest 65 Dec 31, 2017 8:00 AM GMT+5:30",https://www.leetcode.comhttps://www.leetcode.com/contest/weekly-contest-65
"Weekly Contest 64 Dec 24, 2017 8:00 AM GMT+5:30",https://www.leetcode.comhttps://www.leetcode.com/contest/weekly-contest-64
"Weekly Contest 63 Dec 17, 2017 8:00 AM GMT+5:30",https://www.leetcode.comhttps://www.leetcode.com/contest/weekly-contest-63
"Weekly Contest 62 Dec 10, 2017 8:00 AM GMT+5:30",https://www.leetcode.comhttps://www.leetcode.com/contest/weekly-contest-by-app-academy
"Weekly Contest 61 Dec 3, 2017 8:00 AM GMT+5:30",https://www.leetcode.comhttps://www.leetcode.com/contest/weekly-contest-61
"Weekly Contest 60 Nov 26, 2017 8:00 AM GMT+5:30",https://www.leetcode.comhttps://www.leetcode.com/contest/weekly-contest-60
"Weekly Contest 59 Nov 19, 2017 8:00 AM GMT+5:30",https://www.leetcode.comhttps://www.leetcode.com/contest/weekly-contest-59
"Weekly Contest 58 Nov 12, 2017 8:00 AM GMT+5:30",https://www.leetcode.comhttps://www.leetcode.com/contest/weekly-contest-58
"Weekly Contest 57 Nov 5, 2017 7:00 AM GMT+5:30",https://www.leetcode.comhttps://www.leetcode.com/contest/leetcode-weekly-contest-57
"Weekly Contest 56 Oct 29, 2017 7:00 AM GMT+5:30",https://www.leetcode.comhttps://www.leetcode.com/contest/leetcode-weekly-contest-56
"Weekly Contest 55 Oct 22, 2017 7:00 AM GMT+5:30",https://www.leetcode.comhttps://www.leetcode.com/contest/leetcode-weekly-contest-55
"Weekly Contest 54 Oct 15, 2017 7:00 AM GMT+5:30",https://www.leetcode.comhttps://www.leetcode.com/contest/leetcode-weekly-contest-54
"Weekly Contest 53 Oct 8, 2017 7:00 AM GMT+5:30",https://www.leetcode.comhttps://www.leetcode.com/contest/leetcode-weekly-contest-53
"Weekly Contest 52 Oct 1, 2017 7:00 AM GMT+5:30",https://www.leetcode.comhttps://www.leetcode.com/contest/leetcode-weekly-contest-52
"Weekly Contest 51 Sep 24, 2017 7:00 AM GMT+5:30",https://www.leetcode.comhttps://www.leetcode.com/contest/leetcode-weekly-contest-51
"Weekly Contest 50 Sep 17, 2017 7:00 AM GMT+5:30",https://www.leetcode.comhttps://www.leetcode.com/contest/leetcode-weekly-contest-50
"Weekly Contest 49 Sep 10, 2017 7:00 AM GMT+5:30",https://www.leetcode.comhttps://www.leetcode.com/contest/leetcode-weekly-contest-49
"Weekly Contest 48 Sep 3, 2017 7:00 AM GMT+5:30",https://www.leetcode.comhttps://www.leetcode.com/contest/leetcode-weekly-contest-48
"Weekly Contest 47 Aug 27, 2017 7:00 AM GMT+5:30",https://www.leetcode.comhttps://www.leetcode.com/contest/leetcode-weekly-contest-47
"Weekly Contest 46 Aug 20, 2017 7:00 AM GMT+5:30",https://www.leetcode.comhttps://www.leetcode.com/contest/leetcode-weekly-contest-46
"Weekly Contest 45 Aug 13, 2017 7:00 AM GMT+5:30",https://www.leetcode.comhttps://www.leetcode.com/contest/leetcode-weekly-contest-45
"Weekly Contest 44 Aug 6, 2017 7:00 AM GMT+5:30",https://www.leetcode.comhttps://www.leetcode.com/contest/leetcode-weekly-contest-44
"Weekly Contest 43 Jul 30, 2017 7:00 AM GMT+5:30",https://www.leetcode.comhttps://www.leetcode.com/contest/leetcode-weekly-contest-43
"Weekly Contest 42 Jul 23, 2017 7:00 AM GMT+5:30",https://www.leetcode.comhttps://www.leetcode.com/contest/leetcode-weekly-contest-42
"Weekly Contest 41 Jul 16, 2017 7:00 AM GMT+5:30",https://www.leetcode.comhttps://www.leetcode.com/contest/leetcode-weekly-contest-41
"Weekly Contest 40 Jul 9, 2017 7:00 AM GMT+5:30",https://www.leetcode.comhttps://www.leetcode.com/contest/leetcode-weekly-contest-40
"Weekly Contest 39 Jul 2, 2017 7:00 AM GMT+5:30",https://www.leetcode.comhttps://www.leetcode.com/contest/leetcode-weekly-contest-39
"Weekly Contest 38 Jun 25, 2017 7:00 AM GMT+5:30",https://www.leetcode.comhttps://www.leetcode.com/contest/leetcode-weekly-contest-38
"Weekly Contest 37 Jun 18, 2017 7:00 AM GMT+5:30",https://www.leetcode.comhttps://www.leetcode.com/contest/leetcode-weekly-contest-37
"Weekly Contest 36 Jun 11, 2017 7:00 AM GMT+5:30",https://www.leetcode.comhttps://www.leetcode.com/contest/leetcode-weekly-contest-36
"Weekly Contest 35 Jun 4, 2017 7:00 AM GMT+5:30",https://www.leetcode.comhttps://www.leetcode.com/contest/leetcode-weekly-contest-35
"Weekly Contest 34 May 28, 2017 7:00 AM GMT+5:30",https://www.leetcode.comhttps://www.leetcode.com/contest/leetcode-weekly-contest-34
"Weekly Contest 33 May 21, 2017 7:00 AM GMT+5:30",https://www.leetcode.comhttps://www.leetcode.com/contest/leetcode-weekly-contest-33
"Weekly Contest 32 May 14, 2017 7:00 AM GMT+5:30",https://www.leetcode.comhttps://www.leetcode.com/contest/leetcode-weekly-contest-32
"Weekly Contest 31 May 7, 2017 7:00 AM GMT+5:30",https://www.leetcode.comhttps://www.leetcode.com/contest/leetcode-weekly-contest-31
"Weekly Contest 30 Apr 30, 2017 7:00 AM GMT+5:30",https://www.leetcode.comhttps://www.leetcode.com/contest/leetcode-weekly-contest-30
"Weekly Contest 29 Apr 23, 2017 7:00 AM GMT+5:30",https://www.leetcode.comhttps://www.leetcode.com/contest/leetcode-weekly-contest-29
"Weekly Contest 28 Apr 16, 2017 7:00 AM GMT+5:30",https://www.leetcode.comhttps://www.leetcode.com/contest/leetcode-weekly-contest-28
"Weekly Contest 27 Apr 9, 2017 7:00 AM GMT+5:30",https://www.leetcode.comhttps://www.leetcode.com/contest/leetcode-weekly-contest-27
"Weekly Contest 26 Apr 2, 2017 7:00 AM GMT+5:30",https://www.leetcode.comhttps://www.leetcode.com/contest/leetcode-weekly-contest-26
"Weekly Contest 25 Mar 26, 2017 7:00 AM GMT+5:30",https://www.leetcode.comhttps://www.leetcode.com/contest/leetcode-weekly-contest-25
"Weekly Contest 24 Mar 19, 2017 7:00 AM GMT+5:30",https://www.leetcode.comhttps://www.leetcode.com/contest/leetcode-weekly-contest-24
"Weekly Contest 23 Mar 12, 2017 8:00 AM GMT+5:30",https://www.leetcode.comhttps://www.leetcode.com/contest/leetcode-weekly-contest-23
"Weekly Contest 22 Mar 5, 2017 8:00 AM GMT+5:30",https://www.leetcode.comhttps://www.leetcode.com/contest/leetcode-weekly-contest-22
"Weekly Contest 21 Feb 26, 2017 8:00 AM GMT+5:30",https://www.leetcode.comhttps://www.leetcode.com/contest/leetcode-weekly-contest-21
"Weekly Contest 20 Feb 19, 2017 8:00 AM GMT+5:30",https://www.leetcode.comhttps://www.leetcode.com/contest/leetcode-weekly-contest-20
"Weekly Contest 19 Feb 12, 2017 8:00 AM GMT+5:30",https://www.leetcode.comhttps://www.leetcode.com/contest/leetcode-weekly-contest-19
"Weekly Contest 18B Feb 5, 2017 8:00 AM GMT+5:30",https://www.leetcode.comhttps://www.leetcode.com/contest/leetcode-weekly-contest-18b
"Weekly Contest 18A Feb 4, 2017 9:00 PM GMT+5:30",https://www.leetcode.comhttps://www.leetcode.com/contest/leetcode-weekly-contest-18a
"Weekly Contest 17 Jan 29, 2017 8:00 AM GMT+5:30",https://www.leetcode.comhttps://www.leetcode.com/contest/leetcode-weekly-contest-17
"Weekly Contest 16B Jan 22, 2017 8:00 AM GMT+5:30",https://www.leetcode.comhttps://www.leetcode.com/contest/leetcode-weekly-contest-16b
"Weekly Contest 16A Jan 21, 2017 9:00 PM GMT+5:30",https://www.leetcode.comhttps://www.leetcode.com/contest/leetcode-weekly-contest-16a
"Weekly Contest 15 Jan 15, 2017 8:00 AM GMT+5:30",https://www.leetcode.comhttps://www.leetcode.com/contest/leetcode-weekly-contest-15
"Weekly Contest 14 Jan 8, 2017 8:00 AM GMT+5:30",https://www.leetcode.comhttps://www.leetcode.com/contest/leetcode-weekly-contest-14
"Weekly Contest 13 Dec 18, 2016 8:00 AM GMT+5:30",https://www.leetcode.comhttps://www.leetcode.com/contest/leetcode-weekly-contest-13
"Weekly Contest 12 Dec 11, 2016 8:00 AM GMT+5:30",https://www.leetcode.comhttps://www.leetcode.com/contest/leetcode-weekly-contest-12
"Weekly Contest 11 Dec 4, 2016 8:00 AM GMT+5:30",https://www.leetcode.comhttps://www.leetcode.com/contest/leetcode-weekly-contest-11
"Weekly Contest 10 Nov 20, 2016 8:00 AM GMT+5:30",https://www.leetcode.comhttps://www.leetcode.com/contest/leetcode-weekly-contest-10
"Smarking Algorithm Contest 4 Nov 13, 2016 8:00 AM GMT+5:30",https://www.leetcode.comhttps://www.leetcode.com/contest/smarking-algorithm-contest-4
"Smarking Algorithm Contest 3 Nov 6, 2016 7:00 AM GMT+5:30",https://www.leetcode.comhttps://www.leetcode.com/contest/smarking-algorithm-contest-3
"Smarking Algorithm Contest 2 Oct 30, 2016 7:00 AM GMT+5:30",https://www.leetcode.comhttps://www.leetcode.com/contest/smarking-algorithm-contest-2
"Smarking Algorithm Contest Oct 23, 2016 7:00 AM GMT+5:30",https://www.leetcode.comhttps://www.leetcode.com/contest/smarking-algorithm-contest
"Weekly Contest 9 Oct 16, 2016 7:00 AM GMT+5:30",https://www.leetcode.comhttps://www.leetcode.com/contest/leetcode-weekly-contest-9
"Weekly Contest 8 Oct 9, 2016 7:00 AM GMT+5:30",https://www.leetcode.comhttps://www.leetcode.com/contest/leetcode-weekly-contest-8
"Weekly Contest 7 Oct 2, 2016 7:00 AM GMT+5:30",https://www.leetcode.comhttps://www.leetcode.com/contest/leetcode-weekly-contest-7
"Weekly Contest 6 Sep 25, 2016 7:00 AM GMT+5:30",https://www.leetcode.comhttps://www.leetcode.com/contest/leetcode-weekly-contest-6
"Weekly Contest 5 Sep 18, 2016 7:00 AM GMT+5:30",https://www.leetcode.comhttps://www.leetcode.com/contest/leetcode-weekly-contest-5
"Weekly Contest 4 Sep 11, 2016 7:00 AM GMT+5:30",https://www.leetcode.comhttps://www.leetcode.com/contest/leetcode-weekly-contest-4
"Weekly Contest 3 Sep 4, 2016 5:30 PM GMT+5:30",https://www.leetcode.comhttps://www.leetcode.com/contest/leetcode-weekly-contest-3
"Weekly Contest 2 Aug 28, 2016 7:00 AM GMT+5:30",https://www.leetcode.comhttps://www.leetcode.com/contest/leetcode-weekly-contest-2
"Warm Up Contest Aug 21, 2016 5:30 AM GMT+5:30",https://www.leetcode.comhttps://www.leetcode.com/contest/warm-up-contest